{
  "roc_auc": 0.6648621553884713,
  "avg_precision": 0.5752353810456625,
  "f1_at_threshold": 0.6703296703296703,
  "threshold": 0.5153976179165495,
  "n_splits": 5,
  "n_samples": 200,
  "features": [
    "Age",
    "BMI",
    "BloodPressure",
    "Glucose"
  ]
}